﻿<ArrayOfKeyValueOfstringstring xmlns:i="http://www.w3.org/2001/XMLSchema-instance" xmlns="http://schemas.microsoft.com/2003/10/Serialization/Arrays">
  <KeyValueOfstringstring>
    <Key>rest/speakers/Andres-Almiray</Key>
    <Value>http://a3.twimg.com/profile_images/584851991/twitterProfilePhoto.jpg</Value>
  </KeyValueOfstringstring>
  <KeyValueOfstringstring>
    <Key>rest/speakers/Jeremy-D-Miller</Key>
    <Value>http://a3.twimg.com/profile_images/148782115/jeremymiller.jpg</Value>
  </KeyValueOfstringstring>
  <KeyValueOfstringstring>
    <Key>rest/speakers/Jim-Wooley</Key>
    <Value>http://geekswithblogs.net/images/geekswithblogs_net/cwilliams/WindowsLiveWriter/NINEQuestionswithJimWooley_76B4/image_thumb.png</Value>
  </KeyValueOfstringstring>
  <KeyValueOfstringstring>
    <Key>rest/speakers/Bill-Sempf</Key>
    <Value>http://api.ning.com/files/VbyxSCi2bmviwSa2apmSw2d*cpo96ihIvRxyctf-ctVrACKGQrxBJYvORH*cUyRFaIdY0rSTYSaEWEj6icy-mPb2UYyx*1r2/MyPictureWebres.jpg</Value>
  </KeyValueOfstringstring>
  <KeyValueOfstringstring>
    <Key>rest/speakers/Wes-Faler</Key>
    <Value></Value>
  </KeyValueOfstringstring>
  <KeyValueOfstringstring>
    <Key>rest/speakers/Chris-Adamson</Key>
    <Value>http://www.oreillynet.com/images/people/154/chris_adamson1.jpg</Value>
  </KeyValueOfstringstring>
  <KeyValueOfstringstring>
    <Key>rest/speakers/Rob-Gillen</Key>
    <Value>http://rob.gillenfamily.net/themes/inove/img/geek.jpg</Value>
  </KeyValueOfstringstring>
  <KeyValueOfstringstring>
    <Key>rest/speakers/Gary-Short</Key>
    <Value>http://a3.twimg.com/profile_images/390903531/twitterProfilePhoto.jpg</Value>
  </KeyValueOfstringstring>
  <KeyValueOfstringstring>
    <Key>rest/speakers/James-Ward</Key>
    <Value>http://www.jamesward.com/uploads/2007/01/james_cowboy-150x150.jpg</Value>
  </KeyValueOfstringstring>
  <KeyValueOfstringstring>
    <Key>rest/speakers/Ben-Scofield</Key>
    <Value>http://benscofield.com/wp-content/uploads/2009/08/ben1_200x200.jpg</Value>
  </KeyValueOfstringstring>
  <KeyValueOfstringstring>
    <Key>rest/speakers/Brian-Genisio</Key>
    <Value>http://www.gravatar.com/avatar/170325813beddd7418a3b55ffbf378f9?s=128&amp;d=identicon&amp;r=PG</Value>
  </KeyValueOfstringstring>
  <KeyValueOfstringstring>
    <Key>rest/speakers/Chris-Smith</Key>
    <Value>http://deepfriedbytes.com/files/media/image/WindowsLiveWriter/Episode24ChattingaboutFreedomSharpwithCh_337E/n24902696_30873764_7112_thumb.jpg</Value>
  </KeyValueOfstringstring>
  <KeyValueOfstringstring>
    <Key>rest/speakers/Jim-Weirich</Key>
    <Value>http://a1.twimg.com/profile_images/80167896/jim-teaching.jpg</Value>
  </KeyValueOfstringstring>
  <KeyValueOfstringstring>
    <Key>rest/speakers/Matt-Yoho</Key>
    <Value>http://a1.twimg.com/profile_images/53373870/twitter5.jpg</Value>
  </KeyValueOfstringstring>
  <KeyValueOfstringstring>
    <Key>rest/speakers/James-Avery</Key>
    <Value>http://www.gravatar.com/avatar.php?gravatar_id=8f0e776cdc43e1169a8c965e62e474db</Value>
  </KeyValueOfstringstring>
  <KeyValueOfstringstring>
    <Key>rest/speakers/Anthony-BroadCrawford</Key>
    <Value>http://a3.twimg.com/profile_images/59976657/IMG_0200.jpg</Value>
  </KeyValueOfstringstring>
  <KeyValueOfstringstring>
    <Key>rest/speakers/Chris-Patterson</Key>
    <Value>http://a1.twimg.com/profile_images/404573052/chrisp-fb.jpg</Value>
  </KeyValueOfstringstring>
  <KeyValueOfstringstring>
    <Key>rest/speakers/Leon-Gersing-and-Charley-Baker</Key>
    <Value>http://a3.twimg.com/profile_images/595761151/Photo_on_2010-12-27_at_19.30.jpg</Value>
  </KeyValueOfstringstring>
  <KeyValueOfstringstring>
    <Key>rest/speakers/Leon-Gersing</Key>
    <Value>http://a3.twimg.com/profile_images/595761151/Photo_on_2010-12-27_at_19.30.jpg   </Value>
  </KeyValueOfstringstring>
  <KeyValueOfstringstring>
    <Key>rest/speakers/Jason-Follas</Key>
    <Value>http://a1.twimg.com/profile_images/324514910/profilepic.jpg</Value>
  </KeyValueOfstringstring>
  <KeyValueOfstringstring>
    <Key>rest/speakers/Jim-Holmes</Key>
    <Value>http://a1.twimg.com/profile_images/575361260/twitterProfilePhoto.jpg</Value>
  </KeyValueOfstringstring>
  <KeyValueOfstringstring>
    <Key>rest/speakers/Catherine-Devlin</Key>
    <Value>http://a3.twimg.com/profile_images/58584537/shoulders1_zoom.jpg</Value>
  </KeyValueOfstringstring>
  <KeyValueOfstringstring>
    <Key>rest/speakers/Hudson-Akridge</Key>
    <Value>http://media.linkedin.com/mpr/mpr/shrink_80_80/p/2/000/019/2ee/1865e10.jpg</Value>
  </KeyValueOfstringstring>
  <KeyValueOfstringstring>
    <Key>rest/speakers/Matt-Hester-and-Aaron-Lerch</Key>
    <Value>http://www.technetevents.com/public/speakerimages/M_HESTER_1205_1.jpg</Value>
  </KeyValueOfstringstring>
  <KeyValueOfstringstring>
    <Key>rest/speakers/Jesse-Liberty</Key>
    <Value>http://silverlight.net/blogs/jesseliberty/1Images/JLAvatar2.jpg</Value>
  </KeyValueOfstringstring>
  <KeyValueOfstringstring>
    <Key>rest/speakers/Jim-Weaver</Key>
    <Value></Value>
  </KeyValueOfstringstring>
  <KeyValueOfstringstring>
    <Key>rest/speakers/Dick-Wall</Key>
    <Value>http://photos1.blogger.com/blogger/174/994/1600/DickPicVFR.jpg</Value>
  </KeyValueOfstringstring>
  <KeyValueOfstringstring>
    <Key>rest/speakers/Adam-McCrea</Key>
    <Value>http://s3.amazonaws.com/twitter_production/profile_images/82769556/out_the_window_-_close_crop_-_gray.png</Value>
  </KeyValueOfstringstring>
  <KeyValueOfstringstring>
    <Key>rest/speakers/Joe-Kuemerle</Key>
    <Value>http://a3.twimg.com/profile_images/302759753/joe_kuemerle_small.jpg</Value>
  </KeyValueOfstringstring>
  <KeyValueOfstringstring>
    <Key>rest/speakers/Michael-J-Norton</Key>
    <Value></Value>
  </KeyValueOfstringstring>
  <KeyValueOfstringstring>
    <Key>rest/speakers/Michael-Slade</Key>
    <Value>http://michaelhslade.com/themes/quantumlinq/avatar.jpg </Value>
  </KeyValueOfstringstring>
  <KeyValueOfstringstring>
    <Key>rest/speakers/Ben-Hall</Key>
    <Value>http://blog.benhall.me.uk/Me.jpg</Value>
  </KeyValueOfstringstring>
  <KeyValueOfstringstring>
    <Key>rest/speakers/Mike-Doel</Key>
    <Value>http://a3.twimg.com/profile_images/52154399/me.jpg</Value>
  </KeyValueOfstringstring>
  <KeyValueOfstringstring>
    <Key>rest/speakers/Ken-Sipe</Key>
    <Value>http://1.bp.blogspot.com/_QF--bHkNI1A/R5Zk4TRjBTI/AAAAAAAAAFI/EHI-Gtkmf8E/S220/pilot-ken.jpg</Value>
  </KeyValueOfstringstring>
  <KeyValueOfstringstring>
    <Key>rest/speakers/Steve-Andrews</Key>
    <Value>http://www.platinumbay.com/blogs/dotneticated/Me.jpg</Value>
  </KeyValueOfstringstring>
  <KeyValueOfstringstring>
    <Key>rest/speakers/Jon-Stahl</Key>
    <Value>http://a1.twimg.com/profile_images/62718802/Canada_2007_094_crop.jpg</Value>
  </KeyValueOfstringstring>
  <KeyValueOfstringstring>
    <Key>rest/speakers/Joe-OBrien</Key>
    <Value>http://a3.twimg.com/profile_images/324731307/Photo_87_revised_b_w.jpg</Value>
  </KeyValueOfstringstring>
  <KeyValueOfstringstring>
    <Key>rest/speakers/Joe-Fiorini-Jonathan-Penn-Josh-Schramm-Matt-Yoho-Jim-Weirich</Key>
    <Value>http://a1.twimg.com/profile_images/589041118/twitterProfilePhoto.jpg</Value>
  </KeyValueOfstringstring>
  <KeyValueOfstringstring>
    <Key>rest/speakers/Aaron-Bedra</Key>
    <Value>http://a1.twimg.com/profile_images/461635516/3592987818_69bd4b655e_b.jpg</Value>
  </KeyValueOfstringstring>
  <KeyValueOfstringstring>
    <Key>rest/speakers/Carey-Payette</Key>
    <Value>http://a3.twimg.com/profile_images/388563759/twitterProfilePhoto.jpg</Value>
  </KeyValueOfstringstring>
  <KeyValueOfstringstring>
    <Key>rest/speakers/Joe-OBrien-Mark-Peabody-Leon-Gersing</Key>
    <Value>http://a3.twimg.com/profile_images/324731307/Photo_87_revised_b_w.jpg</Value>
  </KeyValueOfstringstring>
  <KeyValueOfstringstring>
    <Key>rest/speakers/Bill-Wagner</Key>
    <Value>http://srtsolutions.com/users/avatar.aspx?username=wwagner&amp;lastmodified=633980717025812414</Value>
  </KeyValueOfstringstring>
  <KeyValueOfstringstring>
    <Key>rest/speakers/Kevin-Dahlhausen</Key>
    <Value>http://powertwenty.com/images/kpd.jpg</Value>
  </KeyValueOfstringstring>
  <KeyValueOfstringstring>
    <Key>rest/speakers/Joe-Nuxoll</Key>
    <Value>http://media.linkedin.com/mpr/mpr/shrink_80_80/p/2/000/020/375/0fe6483.jpg    </Value>
  </KeyValueOfstringstring>
  <KeyValueOfstringstring>
    <Key>rest/speakers/Bill-Venners</Key>
    <Value>http://a3.twimg.com/profile_images/352703909/twitter.jpg</Value>
  </KeyValueOfstringstring>
  <KeyValueOfstringstring>
    <Key>rest/speakers/Barry-Hawkins</Key>
    <Value>http://a3.twimg.com/profile_images/429433699/Photo_8.jpg</Value>
  </KeyValueOfstringstring>
  <KeyValueOfstringstring>
    <Key>rest/speakers/Chris-Sutton</Key>
    <Value>http://a3.twimg.com/profile_images/604247551/carhartt.png</Value>
  </KeyValueOfstringstring>
  <KeyValueOfstringstring>
    <Key>rest/speakers/Carol-Smith-and-Jon-Stahl</Key>
    <Value>http://a3.twimg.com/profile_images/180893673/CJS-200904-square.jpg</Value>
  </KeyValueOfstringstring>
  <KeyValueOfstringstring>
    <Key>rest/speakers/Mike-Dirolf</Key>
    <Value>http://a3.twimg.com/profile_images/492784429/twitterProfilePhoto.jpg</Value>
  </KeyValueOfstringstring>
  <KeyValueOfstringstring>
    <Key>rest/speakers/Howard-M-Lewis-Ship</Key>
    <Value>http://howardlewisship.com/images/howard-headshot.png</Value>
  </KeyValueOfstringstring>
  <KeyValueOfstringstring>
    <Key>rest/speakers/Daniel-Steinberg</Key>
    <Value></Value>
  </KeyValueOfstringstring>
  <KeyValueOfstringstring>
    <Key>rest/speakers/Carl-Quinn</Key>
    <Value>http://a3.twimg.com/profile_images/52285083/Adium_Icon.png</Value>
  </KeyValueOfstringstring>
  <KeyValueOfstringstring>
    <Key>rest/speakers/Nick-Seiger</Key>
    <Value>http://a3.twimg.com/profile_images/77367265/nick-square.jpg</Value>
  </KeyValueOfstringstring>
</ArrayOfKeyValueOfstringstring>