﻿<ArrayOfUnSession xmlns:i="http://www.w3.org/2001/XMLSchema-instance" xmlns="http://schemas.datacontract.org/2004/07/CodeMashSessions.Model">
  <UnSession>
    <End>2010-01-13T08:30:00</End>
    <Start>2010-01-13T07:00:00</Start>
    <Title>Breakfast</Title>
  </UnSession>
  <UnSession>
    <End>2010-01-13T13:30:00</End>
    <Start>2010-01-13T12:30:00</Start>
    <Title>Lunch</Title>
  </UnSession>
  <UnSession>
    <End>2010-01-14T08:00:00</End>
    <Start>2010-01-14T07:00:00</Start>
    <Title>Breakfast</Title>
  </UnSession>
  <UnSession>
    <End>2010-01-14T09:30:00</End>
    <Start>2010-01-14T08:15:00</Start>
    <Title>Keynote #1: Mary Poppendieck</Title>
  </UnSession>
  <UnSession>
    <End>2010-01-14T13:30:00</End>
    <Start>2010-01-14T12:15:00</Start>
    <Title>Lunch + Keynote #2: Hank Janssen</Title>
  </UnSession>
  <UnSession>
    <End>2010-01-14T15:20:00</End>
    <Start>2010-01-14T15:00:00</Start>
    <Title>Vendor Sessions</Title>
  </UnSession>
  <UnSession>
    <End>2010-01-14T19:30:00</End>
    <Start>2010-01-14T18:00:00</Start>
    <Title>Dinner</Title>
  </UnSession>
  <UnSession>
    <End>2010-01-15T09:15:00</End>
    <Start>2010-01-15T08:15:00</Start>
    <Title>Breakfast</Title>
  </UnSession>
  <UnSession>
    <End>2010-01-15T13:30:00</End>
    <Start>2010-01-15T12:00:00</Start>
    <Title>Lunch + Keynote #3: Andy Hunt</Title>
  </UnSession>
  <UnSession>
    <End>2010-01-15T15:20:00</End>
    <Start>2010-01-15T15:00:00</Start>
    <Title>Vendor Sessions</Title>
  </UnSession>
  <UnSession>
    <End>2010-01-15T17:40:00</End>
    <Start>2010-01-15T16:40:00</Start>
    <Title>Raffle</Title>
  </UnSession>
</ArrayOfUnSession>
