﻿<?xml version="1.0" encoding="UTF-8"?>
<feed xmlns:google="http://base.google.com/ns/1.0" xml:lang="en-US" xmlns:openSearch="http://a9.com/-/spec/opensearch/1.1/" xmlns="http://www.w3.org/2005/Atom" xmlns:twitter="http://api.twitter.com/">
  <entry>
    <id>tag:search.twitter.com,2005:2186767602</id>
    <published>2009-06-16T02:18:29Z</published>
    <link type="text/html" rel="alternate" href="http://twitter.com/MMiddleton/statuses/2186767602"/>
    <title>I like food</title>
    <content type="html">Loved &lt;b&gt;Food&lt;/b&gt; Inc, even if it wasn't news to me. Too bad they're preaching (mostly) to the converted, if tonight's premiere is any indicator.</content>
    <updated>2009-06-16T02:18:29Z</updated>
    <link type="image/png" rel="image" href="Matt-small_normal.jpeg"/>
    <twitter:source>&lt;a href="http://orangatame.com/products/twitterberry/"&gt;TwitterBerry&lt;/a&gt;</twitter:source>
    <twitter:lang>en</twitter:lang>
    <author>
      <name>MMiddleton (Matt Middleton)</name>
      <uri>http://twitter.com/MMiddleton</uri>
    </author>
  </entry>
  <entry>
    <id>tag:search.twitter.com,2005:2186767105</id>
    <published>2009-06-16T02:18:26Z</published>
    <link type="text/html" rel="alternate" href="http://twitter.com/BkReemo/statuses/2186767105"/>
    <title>Me too</title>
    <content type="html">toss up Burger king  popeyes, white castle some &lt;b&gt;food&lt;/b&gt; from the diner i really dont know</content>
    <updated>2009-06-16T02:18:26Z</updated>
    <link type="image/png" rel="image" href="iphoner_normal.jpg"/>
    <twitter:source>&lt;a href="http://twitter.com/"&gt;web&lt;/a&gt;</twitter:source>
    <twitter:lang>en</twitter:lang>
    <author>
      <name>BkReemo (Kareem A.)</name>
      <uri>http://twitter.com/BkReemo</uri>
    </author>
  </entry>
</feed>
