﻿<?xml version="1.0" encoding="utf-8"?>
<publishData>
  <publishProfile publishUrl="C:\Users\Brian\Documents\My Dropbox\Software\CodeMashSessions\Deploy" deleteExistingFiles="False" ftpAnonymousLogin="False" ftpPassiveMode="False" msdeploySite="" msdeploySiteID="" msdeployRemoteSitePhysicalPath="" msdeployAllowUntrustedCertificate="False" msdeploySkipExtraFilesOnServer="True" msdeployMarkAsApp="False" profileName="Web" publishMethod="FileSystem" replaceMatchingFiles="True" userName="" savePWD="False" userPWD="" SelectedForPublish="True" useFpForLocalhost="0">
    <file relUrl="bin/CodeMashSessions.Web.dll" publishTime="01/11/2010 21:19:54" />
    <file relUrl="ClientBin/CodeMashSessions.xap" publishTime="01/11/2010 21:19:49" />
    <file relUrl="Index.html" publishTime="11/20/2009 23:12:42" />
    <file relUrl="Web.config" publishTime="01/08/2010 20:42:28" />
    <file relUrl="Silverlight.js" publishTime="11/20/2009 23:12:42" />
    <file relUrl="bin/CodeMashSessions.Web.pdb" publishTime="01/11/2010 21:19:54" />
    <file relUrl="ClientBin/UnSessions.xml" publishTime="01/06/2010 20:59:04" />
    <file relUrl="ClientBin/SpeakerImages.xml" publishTime="01/06/2010 21:24:46" />
  </publishProfile>
</publishData>